{"cameraMode":{"drawMode":0,"name":"Shaded","section":"Shading Mode"},"sceneLighting":true,"audioPlay":false,"sceneViewState":{"m_AlwaysRefresh":false,"showFog":true,"showSkybox":true,"showFlares":true,"showImageEffects":true,"showParticleSystems":true,"showVisualEffectGraphs":true,"m_FxEnabled":true},"in2DMode":false,"pivot":{"x":1.2826581001281739,"y":2.045487403869629,"z":0.3416118621826172},"rotation":{"x":0.16501565277576447,"y":-0.09158171713352204,"z":0.015390755608677864,"w":0.9819093942642212},"size":14.726919174194336,"orthographic":false}